Year,Value
2019,0.00763
2018,0.007809999999999999
